Só quem for votar no Lula, além do BOLSONARO, vai dá um #Retwett nesse poster... #OBrasilFelizDeNovo....#LulaNo1ºTurno #LulaPresidente13 #LulaEoPTjaNo1ºTurno #Eleicoes2022    #Brasil #ForaBolsonaroeSuaQuadrilha #ForaBolsonaroVagabundo
#ROBO22 Apoio PR Bolsonaro
Brasil em estado de sítio: Congresso elege Bolsonaro presidente temporário #CriseHistórica #MaxiMundi #julinhaEgabi
Usuários criticam Bolsonaro e sobem "fakeada" nos TTs
A resposta do Presidente Bolsonaro foi bem em cima da lata do B^on^ner.
Só quem for votar no Lula, além do BOLSONARO, vai dá um #Retwett nesse poster... #OBrasilFelizDeNovo....#LulaNo1ºTurno #LulaPresidente13 #LulaEoPTjaNo1ºTurno #Eleicoes2022    #Brasil #ForaBolsonaroeSuaQuadrilha #ForaBolsonaroVagabundo
Amigo da minha filha (primeiro voto) chegou hoje aqui em casa, não hesitei, pedi logo voto para Lula, ele: meus pais são bolsominions, mas gosto muito de vcs, posso votar no Lula por vcs
esse ano o brasil vai fazer L de Loud e Lula
Tem CARIOCA aqui, que vai votar no Ciro Gomes Presidente  ? 
Por amor ao Brasil, por empatia a esse povo que tá comendo o pão que o diabo amassou... Por favor @cirogomes lute por esse povo, deixe seu ego de lado... Por favor!@PDT_Nacional vamos salvar esse povo?
Coluna da @lsgoncalves  "Qualquer imbecil sabe que o Lula é diferente do Bolsonaro", diz Ciro Gomes, no ES[ https://leia.ag/a/B73C/ykfdsq ]
Ciro Gomes subiu três pontos, Lula caiu dois, Bolsonaro estável. Quero ver ele dizer que planeja tirar o Bolsonaro do segundo turno ainda...
Tenho maior simpatia pelo @cirogomes e votaria nele com gosto, mas é nítido que em relação aos candidatos atuais ele não tem vez.Infelizmente...Por isso é de suma importância que caso não elegermos @LulaOficial no primeiro turno, que sejam justos em não desperdiçar votos .
#Eleições2022: Em inauguração de comitê, vice de Ciro Gomes destaca importância da militância
Nunca vai calar a voz de um mulher @simonetebetbr principalmente o dela 
Compartilhem antes que proíbam!
Hildegard Angel: 'Simone Tebet é uma pedalada jornalística da Globo' - Brasil 247
Lula quer se eleger pra se vingar. Bolsonaro quer se reeleger pra se proteger. Voto útil na Simone @simonetebetbr
Moro e Deltan q se cuide se o "amor" vencer.
Acaso teve uma CPI pra isso dona @simonetebetbr
O PT não quer que esse vidio seja compartilhado.
A senadora Simone Tebet, que presentemente se coloca como “defensora das mulheres”, foi desmoralizada pela médica Nise Yamaguchi.
Povo fala tanto do lula ser ex presidiário como se o bolsonaro n fosse kakakak
Faz tempo vai ser primeiro turno Bolsonaro 22
NOSSO MAIOR ERRO SERA NORMALIZAR O CAOS ...PRESIDENTE @jairbolsonaro A CASA TA MONTADA PARA LHE PRENDER ...O TEMPO CORRE CONTRA A GENTE .@DiogoForjaz @flferronato @supermarcio_1 @PastorMalafaia @delegadoramagem @BrazilFight
É Bolsonaro 22 reeleito no primeiro turno 
Presidente Bolsonaro na FENAC - Novo Hamburgo - RS
Falou tudo presidente @LulaOficial!!!
Lula dirige uma mensagem aos evangélicos sobre as mentiras de Bolsonaro.
Povo fala tanto do lula ser ex presidiário como se o bolsonaro n fosse kakakak
Lula 2022
FAZ O L #goLOUD #CBLOL 
Dentre bolsonaristas arrependidos estão Simone Tebet e Soraya Thronicke. É possível sair dessa onda e pensar direito (com o perdão do trocadilho).Agora pra tirar o despresidente de vez, no primeiro turno e desonerando bastante a União com o 2° turno, vamos de Lula de uma vez!
eu perdi minha mochila no aeroporto de Paris, Alô @cirogomes será que daria pra trazer de volta em outubro??
Tem CARIOCA aqui, que vai votar no Ciro Gomes Presidente  ? 
Por amor ao Brasil, por empatia a esse povo que tá comendo o pão que o diabo amassou... Por favor @cirogomes lute por esse povo, deixe seu ego de lado... Por favor!@PDT_Nacional vamos salvar esse povo?
Coluna da @lsgoncalves  "Qualquer imbecil sabe que o Lula é diferente do Bolsonaro", diz Ciro Gomes, no ES[ https://leia.ag/a/B73C/ykfdsq ]
Ciro Gomes subiu três pontos, Lula caiu dois, Bolsonaro estável. Quero ver ele dizer que planeja tirar o Bolsonaro do segundo turno ainda...
Tenho maior simpatia pelo @cirogomes e votaria nele com gosto, mas é nítido que em relação aos candidatos atuais ele não tem vez.Infelizmente...Por isso é de suma importância que caso não elegermos @LulaOficial no primeiro turno, que sejam justos em não desperdiçar votos .
Dentre bolsonaristas arrependidos estão Simone Tebet e Soraya Thronicke. É possível sair dessa onda e pensar direito (com o perdão do trocadilho).Agora pra tirar o despresidente de vez, no primeiro turno e desonerando bastante a União com o 2° turno, vamos de Lula de uma vez!
Olá Simone Tablet!!!! @simonetebetbr Chuuuupa.
Nunca vai calar a voz de um mulher @simonetebetbr principalmente o dela 
Compartilhem antes que proíbam!
Hildegard Angel: 'Simone Tebet é uma pedalada jornalística da Globo' - Brasil 247
Lula quer se eleger pra se vingar. Bolsonaro quer se reeleger pra se proteger. Voto útil na Simone @simonetebetbr
Moro e Deltan q se cuide se o "amor" vencer.
Tudo que Bolsonaro fez em 4 anos de governo – e não quer que você saiba.Bolsopedia: A enciclopédia do Bolsonarismo.
meu pai c uma bandeira enorme do Brasil no carro, por causa de bolsonaro Aí no jet tem o @ do insta dele, que é “Carlinhos 13”
Familicia? Pior. Fábrica de corrupção da família Jair Bolsonaro. Messias coisa nenhuma:
Tá explicado o auxílio aos caminhoneiros.  twitter.com/cappellarianto…
Olhem o que estão fazendo com os jovens dentro das universidades. VOCÊS QUE SÃO OU PRETENDEM SER PAIS... é isso que vcs querem pros seus filhos e filhas?Se nao for, só tem um jeito BOLSONARO 22Você,  sua família e convença seus amigos
É  muito mais grave que se possa pensar! Na UFRGS ! Militantes armados de foice e martelo tentam intimidar apoiadores de Bolsonaro.
Bolsonaro mantém para 2023 o pior salário mínimo da história https://jornalistaslivres.org/bolsonaro-mantem-para-2023-o-pior-salario-minimo-da-historia/… via @J_LIVRES
Em 2017, Lula soltou essa frase no histórico depoimento ao Moro: "Doutor hoje sou eu quem está sendo massacrado, amanhã será o senhor". E não é que a profecia do nosso presidente se cumpriu? rsQuando o carma vem, ele vem com tudo.
URGENTE: A Justiça Eleitoral cumpriu, na manhã deste sábado (3), mandados de busca e apreensão de materiais de campanha irregulares na casa do ex-juiz e candidato ao Senado pelo Paraná Sergio Moro (União Brasil). Leia mais em https://mla.bs/68601b84
Instituto Lula e IPEC estão situado no mesmo ENDEREÇO
Esse ano é o ano de fazer o L mesmo. Agora foi L de Loud, Mais tarde tem L do Cano e daqui a 1 mês L do Lula
Lula ganha a eleição mas quem me governa é miha mulher
Minha sogra que é evangélica da assembleia de Deus e tem a mesma idade de @LulaOficial me disse hoje que ele era um véio bonito e que vai cravar 13 em 02/10. Ela sempre lembra do preço do gás naquela época e do valor do salário minimo.
eu perdi minha mochila no aeroporto de Paris, Alô @cirogomes será que daria pra trazer de volta em outubro??
Tem CARIOCA aqui, que vai votar no Ciro Gomes Presidente  ? 
Por amor ao Brasil, por empatia a esse povo que tá comendo o pão que o diabo amassou... Por favor @cirogomes lute por esse povo, deixe seu ego de lado... Por favor!@PDT_Nacional vamos salvar esse povo?
Coluna da @lsgoncalves  "Qualquer imbecil sabe que o Lula é diferente do Bolsonaro", diz Ciro Gomes, no ES[ https://leia.ag/a/B73C/ykfdsq ]
Ciro Gomes subiu três pontos, Lula caiu dois, Bolsonaro estável. Quero ver ele dizer que planeja tirar o Bolsonaro do segundo turno ainda...
Tenho maior simpatia pelo @cirogomes e votaria nele com gosto, mas é nítido que em relação aos candidatos atuais ele não tem vez.Infelizmente...Por isso é de suma importância que caso não elegermos @LulaOficial no primeiro turno, que sejam justos em não desperdiçar votos .
O VÍDEO QUE SIMONE TEBET DERRUBOU. EU POSTO. COMPARTILHE. https://youtu.be/1XSlxE7EtHo via @YouTube
Dentre bolsonaristas arrependidos estão Simone Tebet e Soraya Thronicke. É possível sair dessa onda e pensar direito (com o perdão do trocadilho).Agora pra tirar o despresidente de vez, no primeiro turno e desonerando bastante a União com o 2° turno, vamos de Lula de uma vez!
Olá Simone Tablet!!!! @simonetebetbr Chuuuupa.
Nunca vai calar a voz de um mulher @simonetebetbr principalmente o dela 
Compartilhem antes que proíbam!
Hildegard Angel: 'Simone Tebet é uma pedalada jornalística da Globo' - Brasil 247
